rank,name,consensus,p_value,log_p_value,q_value,target_sequences,target_sequences_percent,bg_sequences,bg_sequences_percent
1,Jun-AP1(bZIP)/K562-cJun-ChIP-Seq(GSE31477)/Homer,GATGASTCATCN,0.0,-450.3,0.0,669.0,0.0448,375.6,0.011
2,Fosl2(bZIP)/3T3L1-Fosl2-ChIP-Seq(GSE56872)/Homer,NATGASTCABNN,0.0,-422.2,0.0,829.0,0.0555,582.3,0.017
3,Fra2(bZIP)/Striatum-Fra2-ChIP-Seq(GSE43429)/Homer,GGATGACTCATC,0.0,-384.5,0.0,1100.0,0.0737,985.4,0.0288
4,Sp5(Zf)/mES-Sp5.Flag-ChIP-Seq(GSE72989)/Homer,RGKGGGCGGAGC,0.0,-309.9,0.0,2747.0,0.1841,3930.3,0.1147
5,JunB(bZIP)/DendriticCells-Junb-ChIP-Seq(GSE36099)/Homer,RATGASTCAT,0.0,-302.8,0.0,1198.0,0.0803,1264.6,0.0369
6,AP-1(bZIP)/ThioMac-PU.1-ChIP-Seq(GSE21512)/Homer,VTGACTCATC,0.0,-302.1,0.0,1467.0,0.0983,1694.4,0.0494
7,Fra1(bZIP)/BT549-Fra1-ChIP-Seq(GSE46166)/Homer,NNATGASTCATH,0.0,-299.9,0.0,1263.0,0.0846,1371.2,0.04
8,Fos(bZIP)/TSC-Fos-ChIP-Seq(GSE110950)/Homer,NDATGASTCAYN,0.0,-295.6,0.0,1296.0,0.0868,1432.6,0.0418
9,Atf3(bZIP)/GBM-ATF3-ChIP-Seq(GSE33912)/Homer,DATGASTCATHN,0.0,-293.5,0.0,1383.0,0.0927,1576.2,0.046
10,BATF(bZIP)/Th17-BATF-ChIP-Seq(GSE39756)/Homer,DATGASTCAT,0.0,-290.5,0.0,1382.0,0.0926,1581.9,0.0462
11,Sp1(Zf)/Promoter/Homer,GGCCCCGCCCCC,0.0,-289.8,0.0,1354.0,0.0907,1537.9,0.0449
12,Bach2(bZIP)/OCILy7-Bach2-ChIP-Seq(GSE44420)/Homer,TGCTGAGTCA,0.0,-233.9,0.0,470.0,0.0315,334.9,0.0098
13,KLF3(Zf)/MEF-Klf3-ChIP-Seq(GSE44748)/Homer,NRGCCCCRCCCHBNN,0.0,-225.5,0.0,1485.0,0.0995,1913.1,0.0558
14,KLF1(Zf)/HUDEP2-KLF1-CutnRun(GSE136251)/Homer,VDGGGYGGGGCY,0.0,-187.4,0.0,2287.0,0.1532,3515.4,0.1026
15,Klf9(Zf)/GBM-Klf9-ChIP-Seq(GSE62211)/Homer,GCCACRCCCACY,0.0,-186.3,0.0,1147.0,0.0769,1439.1,0.042
16,Sp2(Zf)/HEK293-Sp2.eGFP-ChIP-Seq(Encode)/Homer,YGGCCCCGCCCC,0.0,-178.1,0.0,3283.0,0.22,5527.9,0.1613
17,KLF14(Zf)/HEK293-KLF14.GFP-ChIP-Seq(GSE58341)/Homer,RGKGGGCGKGGC,0.0,-154.8,0.0,3710.0,0.2486,6536.5,0.1907
18,Maz(Zf)/HepG2-Maz-ChIP-Seq(GSE31477)/Homer,GGGGGGGG,0.0,-144.6,0.0,3126.0,0.2095,5393.4,0.1574
19,NFY(CCAAT)/Promoter/Homer,RGCCAATSRG,0.0,-135.1,0.0,1397.0,0.0936,2046.9,0.0597
20,KLF6(Zf)/PDAC-KLF6-ChIP-Seq(GSE64557)/Homer,MKGGGYGTGGCC,0.0,-133.9,0.0,2323.0,0.1557,3833.9,0.1119
21,KLF5(Zf)/LoVo-KLF5-ChIP-Seq(GSE49402)/Homer,DGGGYGKGGC,0.0,-128.8,0.0,2807.0,0.1881,4835.1,0.1411
22,Fli1(ETS)/CD8-FLI-ChIP-Seq(GSE20898)/Homer,NRYTTCCGGH,0.0,-97.54,0.0,1730.0,0.1159,2852.7,0.0832
23,Ronin(THAP)/ES-Thap11-ChIP-Seq(GSE51522)/Homer,RACTACAACTCCCAGVAKGC,0.0,-96.59,0.0,103.0,0.0069,42.4,0.0012
24,SeqBias: polyA-repeat,AAAAAAAAAA,0.0,-94.33,0.0,14153.0,0.9483,31535.8,0.9202
25,Zfp281(Zf)/ES-Zfp281-ChIP-Seq(GSE81042)/Homer,CCCCTCCCCCAC,0.0,-93.92,0.0,525.0,0.0352,634.7,0.0185
26,Elk1(ETS)/Hela-Elk1-ChIP-Seq(GSE31477)/Homer,HACTTCCGGY,0.0,-83.1,0.0,939.0,0.0629,1401.5,0.0409
27,Elk4(ETS)/Hela-Elk4-ChIP-Seq(GSE31477)/Homer,NRYTTCCGGY,0.0,-77.13,0.0,954.0,0.0639,1454.8,0.0425
28,NF-E2(bZIP)/K562-NFE2-ChIP-Seq(GSE31477)/Homer,GATGACTCAGCA,0.0,-73.62,0.0,136.0,0.0091,92.5,0.0027
29,ETV4(ETS)/HepG2-ETV4-ChIP-Seq(ENCODE)/Homer,ACCGGAAGTG,0.0,-73.27,0.0,1648.0,0.1104,2828.3,0.0825
30,KLF10(Zf)/HEK293-KLF10.GFP-ChIP-Seq(GSE58341)/Homer,GGGGGTGTGTCC,0.0,-72.65,0.0,970.0,0.065,1504.2,0.0439
31,"OCT4-SOX2-TCF-NANOG(POU,Homeobox,HMG)/mES-Oct4-ChIP-Seq(GSE11431)/Homer",ATTTGCATAACAATG,1e-30,-71.02,0.0,693.0,0.0464,997.0,0.0291
32,MafK(bZIP)/C2C12-MafK-ChIP-Seq(GSE36030)/Homer,GCTGASTCAGCA,1e-30,-70.14,0.0,339.0,0.0227,388.5,0.0113
33,GABPA(ETS)/Jurkat-GABPa-ChIP-Seq(GSE17954)/Homer,RACCGGAAGT,1e-27,-63.72,0.0,1264.0,0.0847,2120.2,0.0619
34,ETV1(ETS)/GIST48-ETV1-ChIP-Seq(GSE22441)/Homer,AACCGGAAGT,1e-27,-63.18,0.0,1933.0,0.1295,3476.5,0.1014
35,Sox3(HMG)/NPC-Sox3-ChIP-Seq(GSE33059)/Homer,CCWTTGTY,1e-27,-62.82,0.0,2971.0,0.1991,5656.3,0.165
36,Bach1(bZIP)/K562-Bach1-ChIP-Seq(GSE31477)/Homer,AWWNTGCTGAGTCAT,1e-27,-62.74,0.0,131.0,0.0088,97.7,0.0028
37,Klf4(Zf)/mES-Klf4-ChIP-Seq(GSE11431)/Homer,GCCACACCCA,1e-26,-60.3,0.0,769.0,0.0515,1180.7,0.0345
38,"GFY-Staf(?,Zf)/Promoter/Homer",RACTACAATTCCCAGAAKGC,1e-25,-59.61,0.0,121.0,0.0081,88.0,0.0026
39,ETS1(ETS)/Jurkat-ETS1-ChIP-Seq(GSE17954)/Homer,ACAGGAAGTG,1e-24,-56.63,0.0,1473.0,0.0987,2583.8,0.0754
40,ETS(ETS)/Promoter/Homer,AACCGGAAGT,1e-23,-55.0,0.0,514.0,0.0344,731.2,0.0213
41,SeqBias: CG bias,SSSSSSSSSS,1e-23,-55.0,0.0,8770.0,0.5876,18721.9,0.5463
42,WT1(Zf)/Kidney-WT1-ChIP-Seq(GSE90016)/Homer,MCTCCCMCRCAB,1e-22,-52.62,0.0,1166.0,0.0781,1992.2,0.0581
43,ELF1(ETS)/Jurkat-ELF1-ChIP-Seq(SRA014231)/Homer,AVCCGGAAGT,1e-21,-48.38,0.0,825.0,0.0553,1345.6,0.0393
44,Sox2(HMG)/mES-Sox2-ChIP-Seq(GSE11431)/Homer,BCCATTGTTC,1e-20,-48.3,0.0,1504.0,0.1008,2706.8,0.079
45,Nrf2(bZIP)/Lymphoblast-Nrf2-ChIP-Seq(GSE37589)/Homer,HTGCTGAGTCAT,1e-20,-47.11,0.0,102.0,0.0068,78.1,0.0023
46,Sox21(HMG)/ESC-SOX21-ChIP-Seq(GSE110505)/Homer,BCCWTTGTBYKV,1e-20,-46.92,0.0,2919.0,0.1956,5703.4,0.1664
47,NRF(NRF)/Promoter/Homer,STGCGCATGCGC,1e-19,-45.77,0.0,367.0,0.0246,501.5,0.0146
48,EWS:FLI1-fusion(ETS)/SK_N_MC-EWS:FLI1-ChIP-Seq(SRA014231)/Homer,VACAGGAAAT,1e-19,-45.41,0.0,809.0,0.0542,1330.6,0.0388
49,YY1(Zf)/Promoter/Homer,CAAGATGGCGGC,1e-19,-44.98,0.0,163.0,0.0109,166.8,0.0049
50,NRF1(NRF)/MCF7-NRF1-ChIP-Seq(Unpublished)/Homer,CTGCGCATGCGC,1e-19,-44.84,0.0,376.0,0.0252,521.0,0.0152
51,BORIS(Zf)/K562-CTCFL-ChIP-Seq(GSE32465)/Homer,CNNBRGCGCCCCCTGSTGGC,1e-19,-44.75,0.0,481.0,0.0322,710.1,0.0207
52,Egr1(Zf)/K562-Egr1-ChIP-Seq(GSE32465)/Homer,TGCGTGGGYG,1e-19,-44.56,0.0,1354.0,0.0907,2427.3,0.0708
53,CTCF(Zf)/CD4+-CTCF-ChIP-Seq(Barski_et_al.)/Homer,AYAGTGCCMYCTRGTGGCCA,1e-19,-43.81,0.0,251.0,0.0168,308.0,0.009
54,ZNF467(Zf)/HEK293-ZNF467.GFP-ChIP-Seq(GSE58341)/Homer,TGGGGAAGGGCM,1e-18,-42.07,0.0,1487.0,0.0996,2720.5,0.0794
55,TEAD1(TEAD)/HepG2-TEAD1-ChIP-Seq(Encode)/Homer,CYRCATTCCA,1e-18,-41.69,0.0,1594.0,0.1068,2945.1,0.0859
56,"Oct6(POU,Homeobox)/NPC-Pou3f1-ChIP-Seq(GSE35496)/Homer",WATGCAAATGAG,1e-18,-41.45,0.0,1027.0,0.0688,1786.8,0.0521
57,TGA3(bZIP)/colamp-TGA3-DAP-Seq(GSE60143)/Homer,WTGATGACGTCATCW,1e-17,-40.86,0.0,97.0,0.0065,79.6,0.0023
58,ERG(ETS)/VCaP-ERG-ChIP-Seq(GSE14097)/Homer,ACAGGAAGTG,1e-17,-39.16,0.0,2256.0,0.1512,4365.8,0.1274
59,En1(Homeobox)/SUM149-EN1-ChIP-Seq(GSE120957)/Homer,NDCTAATTAS,1e-16,-38.57,0.0,3954.0,0.2649,8062.8,0.2353
60,NFE2L2(bZIP)/HepG2-NFE2L2-ChIP-Seq(Encode)/Homer,AWWWTGCTGAGTCAT,1e-16,-37.35,0.0,111.0,0.0074,103.4,0.003
61,Sox6(HMG)/Myotubes-Sox6-ChIP-Seq(GSE32627)/Homer,CCATTGTTNY,1e-16,-37.28,0.0,2794.0,0.1872,5543.4,0.1618
62,MafB(bZIP)/BMM-Mafb-ChIP-Seq(GSE75722)/Homer,WNTGCTGASTCAGCANWTTY,1e-15,-36.44,0.0,559.0,0.0375,894.7,0.0261
63,TEAD2(TEA)/Py2T-Tead2-ChIP-Seq(GSE55709)/Homer,CCWGGAATGY,1e-15,-36.3,0.0,793.0,0.0531,1352.0,0.0395
64,Sox7(HMG)/ESC-Sox7-ChIP-Seq(GSE133899)/Homer,VVRRAACAATGG,1e-15,-36.26,0.0,504.0,0.0338,790.4,0.0231
65,Egr2(Zf)/Thymocytes-Egr2-ChIP-Seq(GSE34254)/Homer,NGCGTGGGCGGR,1e-15,-35.77,0.0,462.0,0.031,713.7,0.0208
66,TEAD(TEA)/Fibroblast-PU.1-ChIP-Seq(Unpublished)/Homer,YCWGGAATGY,1e-15,-35.37,0.0,1169.0,0.0783,2119.7,0.0619
67,ATY13(MYB)/col-ATY13-DAP-Seq(GSE60143)/Homer,YYYAACYRHH,1e-14,-34.14,0.0,4829.0,0.3236,10070.1,0.2938
68,AT5G05550(Trihelix)/col-AT5G05550-DAP-Seq(GSE60143)/Homer,HDNHDTCKCCGGMGA,1e-14,-33.98,0.0,1894.0,0.1269,3649.6,0.1065
69,SeqBias: A/T bias,WWWWWWWWWW,1e-14,-33.9,0.0,11637.0,0.7798,25781.1,0.7523
70,CRE(bZIP)/Promoter/Homer,CSGTGACGTCAC,1e-14,-33.81,0.0,300.0,0.0201,423.2,0.0123
71,Sox17(HMG)/Endoderm-Sox17-ChIP-Seq(GSE61475)/Homer,CCATTGTTYB,1e-14,-33.47,0.0,1211.0,0.0811,2221.9,0.0648
72,TEAD4(TEA)/Tropoblast-Tead4-ChIP-Seq(GSE37350)/Homer,CCWGGAATGY,1e-14,-33.09,0.0,1222.0,0.0819,2247.3,0.0656
73,Etv2(ETS)/ES-ER71-ChIP-Seq(GSE59402)/Homer,NNAYTTCCTGHN,1e-14,-32.83,0.0,1338.0,0.0897,2490.0,0.0727
74,"Oct11(POU,Homeobox)/NCIH1048-POU2F3-ChIP-seq(GSE115123)/Homer",GATTTGCATA,1e-14,-32.62,0.0,815.0,0.0546,1420.3,0.0414
75,"Oct4(POU,Homeobox)/mES-Oct4-ChIP-Seq(GSE11431)/Homer",ATTTGCATAW,1e-13,-32.12,0.0,1175.0,0.0787,2158.6,0.063
76,SUT1?/SacCer-Promoters/Homer,CCCCGCGC,1e-13,-31.93,0.0,7502.0,0.5027,16159.8,0.4715
77,TF3A(C2H2)/col-TF3A-DAP-Seq(GSE60143)/Homer,NNDDGAGGAGGWNNN,1e-13,-31.79,0.0,2087.0,0.1398,4085.6,0.1192
78,RRTF1(AP2EREBP)/colamp-RRTF1-DAP-Seq(GSE60143)/Homer,CCGCCGCHATTT,1e-13,-31.23,0.0,319.0,0.0214,467.4,0.0136
79,MafA(bZIP)/Islet-MafA-ChIP-Seq(GSE30298)/Homer,TGCTGACTCA,1e-13,-30.46,0.0,891.0,0.0597,1589.6,0.0464
80,TEAD3(TEA)/HepG2-TEAD3-ChIP-Seq(Encode)/Homer,TRCATTCCAG,1e-12,-29.86,0.0,1819.0,0.1219,3534.1,0.1031
81,JunD(bZIP)/K562-JunD-ChIP-Seq/Homer,ATGACGTCATCN,1e-12,-29.36,0.0,140.0,0.0094,162.1,0.0047
82,TGA5(bZIP)/col-TGA5-DAP-Seq(GSE60143)/Homer,NNGATGACGTCATCN,1e-12,-28.39,0.0,133.0,0.0089,153.0,0.0045
83,MYB(HTH)/ERMYB-Myb-ChIPSeq(GSE22095)/Homer,GGCVGTTR,1e-12,-28.25,0.0,2411.0,0.1616,4827.7,0.1409
84,"Brn1(POU,Homeobox)/NPC-Brn1-ChIP-Seq(GSE35496)/Homer",TATGCWAATBAV,1e-12,-28.11,0.0,767.0,0.0514,1355.0,0.0395
85,Sox4(HMG)/proB-Sox4-ChIP-Seq(GSE50066)/Homer,YCTTTGTTCC,1e-12,-27.99,0.0,1313.0,0.088,2483.2,0.0725
86,GFY(?)/Promoter/Homer,ACTACAATTCCC,1e-12,-27.81,0.0,139.0,0.0093,164.2,0.0048
87,TGA10(bZIP)/colamp-TGA10-DAP-Seq(GSE60143)/Homer,ATGACGTC,1e-11,-27.31,0.0,727.0,0.0487,1280.5,0.0374
88,Pknox1(Homeobox)/ES-Prep1-ChIP-Seq(GSE63282)/Homer,SCTGTCAVTCAV,1e-11,-27.07,0.0,281.0,0.0188,415.0,0.0121
89,Atf2(bZIP)/3T3L1-Atf2-ChIP-Seq(GSE56872)/Homer,NRRTGACGTCAT,1e-11,-26.89,0.0,451.0,0.0302,736.9,0.0215
90,Elf4(ETS)/BMDM-Elf4-ChIP-Seq(GSE88699)/Homer,ACTTCCKGKT,1e-11,-26.05,0.0,1347.0,0.0903,2574.5,0.0751
91,E2F3(E2F)/MEF-E2F3-ChIP-Seq(GSE71376)/Homer,BTKGGCGGGAAA,1e-11,-25.45,0.0,1211.0,0.0811,2294.8,0.067
92,AIL7(AP2EREBP)/colamp-AIL7-DAP-Seq(GSE60143)/Homer,KCACRAWTYYCGAGG,1e-10,-25.17,0.0,572.0,0.0383,984.5,0.0287
93,DEAR2(AP2EREBP)/colamp-DEAR2-DAP-Seq(GSE60143)/Homer,HCACCGACAWHD,1e-10,-24.74,0.0,1060.0,0.071,1985.6,0.0579
94,SCL(bHLH)/HPC7-Scl-ChIP-Seq(GSE13511)/Homer,AVCAGCTG,1e-10,-24.64,0.0,5615.0,0.3762,12004.1,0.3503
95,CEJ1(AP2EREBP)/col-CEJ1-DAP-Seq(GSE60143)/Homer,WWTGTCGGTG,1e-10,-24.48,0.0,909.0,0.0609,1674.0,0.0488
96,Trl(Zf)/S2-GAGAfactor-ChIP-Seq(GSE40646)/Homer,RGAGAGAG,1e-10,-23.81,0.0,3923.0,0.2629,8223.7,0.24
97,E2F4(E2F)/K562-E2F4-ChIP-Seq(GSE31477)/Homer,GGCGGGAAAH,1e-10,-23.71,0.0,867.0,0.0581,1594.4,0.0465
98,SPDEF(ETS)/VCaP-SPDEF-ChIP-Seq(SRA014231)/Homer,ASWTCCTGBT,1e-10,-23.5,0.0,1320.0,0.0884,2545.0,0.0743
99,Lhx3(Homeobox)/Neuron-Lhx3-ChIP-Seq(GSE31456)/Homer,ADBTAATTAR,1e-09,-22.88,0.0,3738.0,0.2505,7828.6,0.2284
100,Nanog(Homeobox)/mES-Nanog-ChIP-Seq(GSE11724)/Homer,RGCCATTAAC,1e-09,-22.83,0.0,6450.0,0.4322,13935.3,0.4066
101,RFX(HTH)/K562-RFX3-ChIP-Seq(SRA012198)/Homer,CGGTTGCCATGGCAAC,1e-09,-22.66,0.0,116.0,0.0078,139.8,0.0041
102,TGA6(bZIP)/colamp-TGA6-DAP-Seq(GSE60143)/Homer,TGACGTCABC,1e-09,-22.6,0.0,616.0,0.0413,1090.4,0.0318
103,TGA1(bZIP)/colamp-TGA1-DAP-Seq(GSE60143)/Homer,TGACGTCAKC,1e-09,-22.51,0.0,456.0,0.0306,771.6,0.0225
104,Sox10(HMG)/SciaticNerve-Sox3-ChIP-Seq(GSE35132)/Homer,CCWTTGTYYB,1e-09,-22.25,0.0,2536.0,0.1699,5185.1,0.1513
105,At1g36060(AP2EREBP)/colamp-At1g36060-DAP-Seq(GSE60143)/Homer,NNWWKGTCGGTG,1e-09,-21.62,0.0,642.0,0.043,1150.2,0.0336
106,MYB77(MYB)/col-MYB77-DAP-Seq(GSE60143)/Homer,NYAACBGYMC,1e-09,-21.51,0.0,1678.0,0.1124,3332.8,0.0973
107,Rfx2(HTH)/LoVo-RFX2-ChIP-Seq(GSE49402)/Homer,GTTGCCATGGCAACM,1e-09,-21.39,0.0,132.0,0.0088,169.8,0.005
108,Isl1(Homeobox)/Neuron-Isl1-ChIP-Seq(GSE31456)/Homer,CTAATKGV,1e-09,-21.38,0.0,3330.0,0.2231,6949.3,0.2028
109,SRS7(SRS)/colamp-SRS7-DAP-Seq(GSE60143)/Homer,HATAGGTTTH,1e-08,-20.19,0.0,4604.0,0.3085,9816.3,0.2864
110,GFX(?)/Promoter/Homer,ATTCTCGCGAGA,1e-08,-19.34,0.0,36.0,0.0024,26.0,0.0008
111,DREB19(AP2EREBP)/colamp-DREB19-DAP-Seq(GSE60143)/Homer,AATGTCGGTK,1e-08,-19.15,0.0,499.0,0.0334,879.3,0.0257
112,SeqBias: GA-repeat,GAGAGAGAGA,1e-08,-19.0,0.0,10071.0,0.6748,22366.6,0.6526
113,NFkB-p65-Rel(RHD)/ThioMac-LPS-Expression(GSE23622)/Homer,GGAAATTCCC,1e-08,-18.82,0.0,98.0,0.0066,119.4,0.0035
114,CBF4(AP2EREBP)/colamp-CBF4-DAP-Seq(GSE60143)/Homer,NRCCGACDWNNNNNN,1e-08,-18.7,0.0,590.0,0.0395,1067.5,0.0311
115,BOS1(MYB)/col-BOS1-DAP-Seq(GSE60143)/Homer,NNRCCTAACT,1e-08,-18.64,0.0,1174.0,0.0787,2289.5,0.0668
116,DEL2(E2FDP)/col-DEL2-DAP-Seq(GSE60143)/Homer,WTTTCSCGCC,1e-08,-18.5,0.0,512.0,0.0343,910.2,0.0266
117,X-box(HTH)/NPC-H3K4me1-ChIP-Seq(GSE16256)/Homer,GGTTGCCATGGCAA,1e-07,-18.36,0.0,149.0,0.01,208.0,0.0061
118,c-Jun-CRE(bZIP)/K562-cJun-ChIP-Seq(GSE31477)/Homer,ATGACGTCATCY,1e-07,-18.23,0.0,442.0,0.0296,771.8,0.0225
119,MYB62(MYB)/colamp-MYB62-DAP-Seq(GSE60143)/Homer,NTACCTAACT,1e-07,-18.14,0.0,1827.0,0.1224,3701.2,0.108
120,AT1G77200(AP2EREBP)/colamp-AT1G77200-DAP-Seq(GSE60143)/Homer,ACCGACAHWD,1e-07,-17.83,0.0,658.0,0.0441,1214.7,0.0354
121,TGA4(bZIP)/colamp-TGA4-DAP-Seq(GSE60143)/Homer,RTGACGTCAKCW,1e-07,-17.77,0.0,329.0,0.022,550.7,0.0161
122,bZIP50(bZIP)/colamp-bZIP50-DAP-Seq(GSE60143)/Homer,GATGACGTCA,1e-07,-17.76,0.0,1076.0,0.0721,2091.6,0.061
123,E-box(bHLH)/Promoter/Homer,SSGGTCACGTGA,1e-07,-17.55,0.0,119.0,0.008,158.0,0.0046
124,LHX9(Homeobox)/Hct116-LHX9.V5-ChIP-Seq(GSE116822)/Homer,NGCTAATTAG,1e-07,-17.54,0.0,2957.0,0.1981,6193.3,0.1807
125,MYB41(MYB)/col-MYB41-DAP-Seq(GSE60143)/Homer,BYTYACCTAA,1e-07,-17.34,0.0,482.0,0.0323,858.8,0.0251
126,Pbx3(Homeobox)/GM12878-PBX3-ChIP-Seq(GSE32465)/Homer,SCTGTCAMTCAN,1e-07,-17.16,0.0,267.0,0.0179,433.4,0.0126
127,BMYB(HTH)/Hela-BMYB-ChIP-Seq(GSE27030)/Homer,NHAACBGYYV,1e-07,-16.75,0.0,2139.0,0.1433,4404.8,0.1285
128,LBD13(LOBAS2)/colamp-LBD13-DAP-Seq(GSE60143)/Homer,KCCGTNWTTTBCGGC,1e-07,-16.74,0.0,1321.0,0.0885,2627.1,0.0767
129,PU.1(ETS)/ThioMac-PU.1-ChIP-Seq(GSE21512)/Homer,AGAGGAAGTG,1e-07,-16.53,0.0,604.0,0.0405,1114.1,0.0325
130,Lhx1(Homeobox)/EmbryoCarcinoma-Lhx1-ChIP-Seq(GSE70957)/Homer,NNYTAATTAR,1e-07,-16.51,0.0,2735.0,0.1833,5721.0,0.1669
131,Ets1-distal(ETS)/CD4+-PolII-ChIP-Seq(Barski_et_al.)/Homer,MACAGGAAGT,1e-07,-16.37,0.0,352.0,0.0236,604.9,0.0177
132,MYB40(MYB)/col-MYB40-DAP-Seq(GSE60143)/Homer,TGGTAGGTRARA,1e-07,-16.28,0.0,480.0,0.0322,862.4,0.0252
133,DLX2(Homeobox)/BasalGanglia-Dlx2-ChIP-seq(GSE124936)/Homer,NNNTAATTAS,1e-07,-16.13,0.0,3387.0,0.2269,7177.5,0.2094
134,CBF1(AP2EREBP)/colamp-CBF1-DAP-Seq(GSE60143)/Homer,YRCCGACATN,1e-06,-16.04,0.0,598.0,0.0401,1107.0,0.0323
135,MYB63(MYB)/col-MYB63-DAP-Seq(GSE60143)/Homer,BHYACCWACCHH,1e-06,-15.73,0.0,555.0,0.0372,1020.9,0.0298
136,AMYB(HTH)/Testes-AMYB-ChIP-Seq(GSE44588)/Homer,TGGCAGTTGG,1e-06,-15.45,0.0,2003.0,0.1342,4128.0,0.1205
137,ZNF143|STAF(Zf)/CUTLL-ZNF143-ChIP-Seq(GSE29600)/Homer,ATTTCCCAGVAKSCY,1e-06,-15.37,0.0,405.0,0.0271,717.2,0.0209
138,At1g19210(AP2EREBP)/colamp-At1g19210-DAP-Seq(GSE60143)/Homer,HCACCGACCAHN,1e-06,-15.35,0.0,1302.0,0.0872,2605.8,0.076
139,At5g65130(AP2EREBP)/colamp-At5g65130-DAP-Seq(GSE60143)/Homer,CCRCCGACAWTN,1e-06,-15.17,0.0,360.0,0.0241,628.3,0.0183
140,Sox15(HMG)/CPA-Sox15-ChIP-Seq(GSE62909)/Homer,RAACAATGGN,1e-06,-15.08,0.0,1810.0,0.1213,3712.5,0.1083
141,CREB5(bZIP)/LNCaP-CREB5.V5-ChIP-Seq(GSE137775)/Homer,VVATGACGTCAT,1e-06,-15.0,0.0,667.0,0.0447,1260.0,0.0368
142,EHF(ETS)/LoVo-EHF-ChIP-Seq(GSE49402)/Homer,AVCAGGAAGT,1e-06,-14.71,0.0,1884.0,0.1262,3880.6,0.1132
143,MYB65(MYB)/colamp-MYB65-DAP-Seq(GSE60143)/Homer,RACNGTTA,1e-06,-14.67,0.0,1708.0,0.1144,3496.3,0.102
144,Nkx6.1(Homeobox)/Islet-Nkx6.1-ChIP-Seq(GSE40975)/Homer,GKTAATGR,1e-06,-14.63,0.0,5311.0,0.3559,11540.3,0.3367
145,SeqBias: CG-repeat,CGCGCGCGCG,1e-06,-14.48,0.0,3435.0,0.2302,7320.0,0.2136
146,MYB4(MYB)/col200-MYB4-DAP-Seq(GSE60143)/Homer,WAGKTAGGTARR,1e-06,-14.48,0.0,942.0,0.0631,1845.6,0.0539
147,At4g28140(AP2EREBP)/colamp-At4g28140-DAP-Seq(GSE60143)/Homer,DCCACCGACCAW,1e-06,-14.16,0.0,354.0,0.0237,623.2,0.0182
148,"Oct2(POU,Homeobox)/Bcell-Oct2-ChIP-Seq(GSE21512)/Homer",ATATGCAAAT,1e-06,-14.13,0.0,785.0,0.0526,1516.9,0.0443
149,AT1G71450(AP2EREBP)/col-AT1G71450-DAP-Seq(GSE60143)/Homer,DHDWTGTCGGTG,1e-06,-14.06,0.0,1970.0,0.132,4080.1,0.1191
150,MYB10(MYB)/col-MYB10-DAP-Seq(GSE60143)/Homer,YCCACCTACCHH,1e-05,-13.72,0.0,495.0,0.0332,915.0,0.0267
151,NFkB-p65(RHD)/GM12787-p65-ChIP-Seq(GSE19485)/Homer,WGGGGATTTCCC,1e-05,-13.58,0.0,652.0,0.0437,1242.0,0.0362
152,MYB101(MYB)/colamp-MYB101-DAP-Seq(GSE60143)/Homer,TAACNRMY,1e-05,-13.48,0.0,3033.0,0.2032,6445.2,0.1881
153,Arnt:Ahr(bHLH)/MCF7-Arnt-ChIP-Seq(Lo_et_al.)/Homer,TBGCACGCAA,1e-05,-13.23,0.0,722.0,0.0484,1394.0,0.0407
154,Znf263(Zf)/K562-Znf263-ChIP-Seq(GSE31477)/Homer,CVGTSCTCCC,1e-05,-13.23,0.0,2530.0,0.1695,5332.6,0.1556
155,TGA2(bZIP)/colamp-TGA2-DAP-Seq(GSE60143)/Homer,ACGTCAYCHH,1e-05,-13.09,0.0,576.0,0.0386,1088.3,0.0318
156,PBX1(Homeobox)/MCF7-PBX1-ChIP-Seq(GSE28007)/Homer,GSCTGTCACTCA,1e-05,-12.77,0.0,88.0,0.0059,119.8,0.0035
157,At4g16750(AP2EREBP)/col-At4g16750-DAP-Seq(GSE60143)/Homer,HACCGACAHA,1e-05,-12.57,0.0,606.0,0.0406,1156.9,0.0338
158,Zic(Zf)/Cerebellum-ZIC1.2-ChIP-Seq(GSE60731)/Homer,CCTGCTGAGH,1e-05,-12.56,0.0,1087.0,0.0728,2181.8,0.0637
159,MYB51(MYB)/col-MYB51-DAP-Seq(GSE60143)/Homer,GGTAGGTG,1e-05,-12.28,0.0,942.0,0.0631,1873.1,0.0547
160,Pitx1(Homeobox)/Chicken-Pitx1-ChIP-Seq(GSE38910)/Homer,TAATCCCN,1e-05,-12.15,0.0,7002.0,0.4692,15462.2,0.4512
161,MYB55(MYB)/colamp-MYB55-DAP-Seq(GSE60143)/Homer,YACCWAMC,1e-05,-12.02,0.0,1378.0,0.0923,2820.5,0.0823
162,Atf7(bZIP)/3T3L1-Atf7-ChIP-Seq(GSE56872)/Homer,NGRTGACGTCAY,1e-05,-11.97,0.0,676.0,0.0453,1310.5,0.0382
163,MYB17(MYB)/colamp-MYB17-DAP-Seq(GSE60143)/Homer,GGTAGGTGRG,1e-05,-11.9,0.0,651.0,0.0436,1258.4,0.0367
164,E2F6(E2F)/Hela-E2F6-ChIP-Seq(GSE31477)/Homer,GGCGGGAARN,1e-05,-11.88,0.0,1050.0,0.0704,2111.5,0.0616
165,CDM1(C3H)/colamp-CDM1-DAP-Seq(GSE60143)/Homer,CCGAWAWTWTCGGAN,1e-05,-11.7,0.0001,124.0,0.0083,188.9,0.0055
166,RKD2(RWPRK)/colamp-RKD2-DAP-Seq(GSE60143)/Homer,GACKTTTCRDCTTCC,1e-05,-11.53,0.0001,947.0,0.0635,1894.2,0.0553
167,LBD2(LOBAS2)/colamp-LBD2-DAP-Seq(GSE60143)/Homer,TCCGAWTTTTTCGGN,0.0001,-11.51,0.0001,348.0,0.0233,631.6,0.0184
168,DLX1(Homeobox)/BasalGanglia-Dlx1-ChIP-seq(GSE124936)/Homer,NSNNTAATTA,0.0001,-11.39,0.0001,2949.0,0.1976,6306.3,0.184
169,ERF8(AP2EREBP)/colamp-ERF8-DAP-Seq(GSE60143)/Homer,CGCCGYCATW,0.0001,-11.38,0.0001,1715.0,0.1149,3569.0,0.1041
170,AT3G10030(Trihelix)/colamp-AT3G10030-DAP-Seq(GSE60143)/Homer,GCCGTTAA,0.0001,-11.24,0.0001,712.0,0.0477,1395.8,0.0407
171,SeqBias: G/A bias,RRRRRRRRRR,0.0001,-11.13,0.0001,14922.0,0.9999,34233.7,0.9989
172,FOXP1(Forkhead)/H9-FOXP1-ChIP-Seq(GSE31006)/Homer,NYYTGTTTACHN,0.0001,-11.03,0.0001,797.0,0.0534,1579.1,0.0461
173,AT3G16280(AP2EREBP)/colamp-AT3G16280-DAP-Seq(GSE60143)/Homer,HCACCGACAHHDHHN,0.0001,-10.93,0.0001,253.0,0.017,443.9,0.013
174,Unknown-ESC-element(?)/mES-Nanog-ChIP-Seq(GSE11724)/Homer,CACAGCAGGGGG,0.0001,-10.79,0.0001,760.0,0.0509,1503.4,0.0439
175,ABR1(AP2EREBP)/colamp-ABR1-DAP-Seq(GSE60143)/Homer,AAATGGCGGCGG,0.0001,-10.79,0.0001,1567.0,0.105,3255.1,0.095
176,Rfx1(HTH)/NPC-H3K4me1-ChIP-Seq(GSE16256)/Homer,KGTTGCCATGGCAA,0.0001,-10.79,0.0001,238.0,0.0159,414.7,0.0121
177,Twist2(bHLH)/Myoblast-Twist2.Ty1-ChIP-Seq(GSE127998)/Homer,MCAGCTGBYH,0.0001,-10.7,0.0001,2153.0,0.1443,4550.7,0.1328
178,TBP3(MYBrelated)/col-TBP3-DAP-Seq(GSE60143)/Homer,VYTAGGGCAN,0.0001,-10.69,0.0001,990.0,0.0663,1999.3,0.0583
179,MYB67(MYB)/col-MYB67-DAP-Seq(GSE60143)/Homer,YYYACCTAAC,0.0001,-10.68,0.0001,1253.0,0.084,2570.7,0.075
180,E2F7(E2F)/Hela-E2F7-ChIP-Seq(GSE32673)/Homer,VDTTTCCCGCCA,0.0001,-10.49,0.0002,240.0,0.0161,420.8,0.0123
181,MYB116(MYB)/colamp-MYB116-DAP-Seq(GSE60143)/Homer,AGTTAGGCAN,0.0001,-10.48,0.0002,927.0,0.0621,1866.4,0.0545
182,Hoxa9(Homeobox)/ChickenMSG-Hoxa9.Flag-ChIP-Seq(GSE86088)/Homer,RGCAATNAAA,0.0001,-10.29,0.0002,4936.0,0.3307,10812.4,0.3155
183,CBF2(AP2EREBP)/colamp-CBF2-DAP-Seq(GSE60143)/Homer,YBRCCGACATNNNNN,0.0001,-10.15,0.0002,357.0,0.0239,661.3,0.0193
184,Bcl6(Zf)/Liver-Bcl6-ChIP-Seq(GSE31578)/Homer,NNNCTTTCCAGGAAA,0.0001,-10.13,0.0002,1823.0,0.1222,3832.9,0.1118
185,Rfx5(HTH)/GM12878-Rfx5-ChIP-Seq(GSE31477)/Homer,SCCTAGCAACAG,0.0001,-10.08,0.0002,377.0,0.0253,703.6,0.0205
186,RORg(NR)/Liver-Rorc-ChIP-Seq(GSE101115)/Homer,WAABTAGGTCAV,0.0001,-9.894,0.0003,137.0,0.0092,221.5,0.0065
187,Foxo1(Forkhead)/RAW-Foxo1-ChIP-Seq(Fan_et_al.)/Homer,CTGTTTAC,0.0001,-9.807,0.0003,2679.0,0.1795,5742.7,0.1676
188,Ptf1a(bHLH)/Panc1-Ptf1a-ChIP-Seq(GSE47459)/Homer,ACAGCTGTTN,0.0001,-9.779,0.0003,3353.0,0.2247,7253.2,0.2116
189,CBF3(AP2EREBP)/colamp-CBF3-DAP-Seq(GSE60143)/Homer,YNRCCGACATNN,0.0001,-9.69,0.0003,382.0,0.0256,717.5,0.0209
190,Six1(Homeobox)/Myoblast-Six1-ChIP-Chip(GSE20150)/Homer,GKVTCADRTTWC,0.0001,-9.505,0.0004,345.0,0.0231,642.7,0.0188
191,Hoxc9(Homeobox)/Ainv15-Hoxc9-ChIP-Seq(GSE21812)/Homer,GGCCATAAATCA,0.0001,-9.451,0.0004,1041.0,0.0698,2129.7,0.0621
192,Rap210(AP2EREBP)/col-Rap210-DAP-Seq(GSE60143)/Homer,TGTCGGCA,0.0001,-9.305,0.0005,514.0,0.0344,998.6,0.0291
193,Olig2(bHLH)/Neuron-Olig2-ChIP-Seq(GSE30882)/Homer,RCCATMTGTT,0.0001,-9.22,0.0005,2426.0,0.1626,5193.0,0.1515
194,Tgif1(Homeobox)/mES-Tgif1-ChIP-Seq(GSE55404)/Homer,YTGWCADY,0.001,-8.667,0.0009,4011.0,0.2688,8769.8,0.2559
195,Ap4(bHLH)/AML-Tfap4-ChIP-Seq(GSE45738)/Homer,NAHCAGCTGD,0.001,-8.659,0.0009,1403.0,0.094,2936.5,0.0857
196,HLH-1(bHLH)/cElegans-Embryo-HLH1-ChIP-Seq(modEncode)/Homer,RACAGCTGTTBH,0.001,-8.628,0.0009,911.0,0.061,1860.1,0.0543
197,At5g18450(AP2EREBP)/col-At5g18450-DAP-Seq(GSE60143)/Homer,CACCGCTT,0.001,-8.585,0.001,2429.0,0.1628,5215.9,0.1522
198,Tgif2(Homeobox)/mES-Tgif2-ChIP-Seq(GSE55404)/Homer,TGTCANYT,0.001,-8.551,0.001,4211.0,0.2822,9225.7,0.2692
199,CAMTA1(CAMTA)/col-CAMTA1-DAP-Seq(GSE60143)/Homer,WWAACGCGTT,0.001,-8.524,0.001,512.0,0.0343,1003.1,0.0293
200,Zfp57(Zf)/H1-ZFP57.HA-ChIP-Seq(GSE115387)/Homer,NANTGCSGCA,0.001,-8.494,0.001,621.0,0.0416,1236.5,0.0361
201,Eomes(T-box)/H9-Eomes-ChIP-Seq(GSE26097)/Homer,ATTAACACCT,0.001,-8.432,0.0011,3197.0,0.2142,6941.4,0.2025
202,DEAR3(AP2EREBP)/colamp-DEAR3-DAP-Seq(GSE60143)/Homer,BCACCGACAWNNNNN,0.001,-8.354,0.0012,241.0,0.0161,438.6,0.0128
203,MYB58(MYB)/colamp-MYB58-DAP-Seq(GSE60143)/Homer,YYYACCWACC,0.001,-8.261,0.0013,1181.0,0.0791,2456.2,0.0717
204,At5g08750(C3H)/col-At5g08750-DAP-Seq(GSE60143)/Homer,NWDTTGCGGCTR,0.001,-8.259,0.0013,478.0,0.032,934.7,0.0273
205,NeuroG2(bHLH)/Fibroblast-NeuroG2-ChIP-Seq(GSE75910)/Homer,ACCATCTGTT,0.001,-8.249,0.0013,1829.0,0.1226,3887.9,0.1134
206,HY5(bZIP)/colamp-HY5-DAP-Seq(GSE60143)/Homer,RRTSACGTSD,0.001,-8.245,0.0013,755.0,0.0506,1528.7,0.0446
207,"ETS:RUNX(ETS,Runt)/Jurkat-RUNX1-ChIP-Seq(GSE17954)/Homer",RCAGGATGTGGT,0.001,-8.229,0.0013,106.0,0.0071,170.4,0.005
208,LOB(LOBAS2)/col-LOB-DAP-Seq(GSE60143)/Homer,CGCCGKAWWTTHCGS,0.001,-8.165,0.0014,452.0,0.0303,880.7,0.0257
209,TCX2(CPP)/colamp-TCX2-DAP-Seq(GSE60143)/Homer,NNWWTTYRAAHN,0.001,-8.104,0.0015,3868.0,0.2592,8464.3,0.247
210,DEL1(E2FDP)/colamp-DEL1-DAP-Seq(GSE60143)/Homer,TTCCCGCCAA,0.001,-8.007,0.0016,11.0,0.0007,7.8,0.0002
211,EBF2(EBF)/BrownAdipose-EBF2-ChIP-Seq(GSE97114)/Homer,NABTCCCWDGGGAVH,0.001,-7.975,0.0016,1132.0,0.0759,2354.2,0.0687
212,ATHB5(HB)/colamp-ATHB5-DAP-Seq(GSE60143)/Homer,AATGATTG,0.001,-7.965,0.0016,2544.0,0.1705,5490.0,0.1602
213,NeuroD1(bHLH)/Islet-NeuroD1-ChIP-Seq(GSE30298)/Homer,GCCATCTGTT,0.001,-7.939,0.0017,908.0,0.0608,1865.6,0.0544
214,E2F(E2F)/Hela-CellCycle-Expression/Homer,TTSGCGCGAAAA,0.001,-7.929,0.0017,90.0,0.006,141.9,0.0041
215,NFIL3(bZIP)/HepG2-NFIL3-ChIP-Seq(Encode)/Homer,VTTACGTAAYNNNNN,0.001,-7.929,0.0017,1329.0,0.0891,2788.5,0.0814
216,Foxo3(Forkhead)/U2OS-Foxo3-ChIP-Seq(E-MTAB-2701)/Homer,DGTAAACA,0.001,-7.829,0.0019,1387.0,0.0929,2918.6,0.0852
217,SeqBias: C/A-bias,MMMMMMMMMM,0.001,-7.778,0.0019,14917.0,0.9995,34222.2,0.9986
218,p53(p53)/mES-cMyc-ChIP-Seq(GSE11431)/Homer,ACATGCCCGGGCAT,0.001,-7.768,0.002,40.0,0.0027,51.6,0.0015
219,MYB74(MYB)/colamp-MYB74-DAP-Seq(GSE60143)/Homer,YYYACCTACCWH,0.001,-7.734,0.002,877.0,0.0588,1801.4,0.0526
220,SOL1(CPP)/colamp-SOL1-DAP-Seq(GSE60143)/Homer,ATTTAAATHN,0.001,-7.713,0.002,3872.0,0.2594,8486.6,0.2476
221,MYB93(MYB)/colamp-MYB93-DAP-Seq(GSE60143)/Homer,GGTAGGTGRD,0.001,-7.708,0.002,1489.0,0.0998,3146.8,0.0918
222,Tbx5(T-box)/HL1-Tbx5.biotin-ChIP-Seq(GSE21529)/Homer,AGGTGTCA,0.001,-7.703,0.002,4126.0,0.2765,9061.4,0.2644
223,MYB61(MYB)/colamp-MYB61-DAP-Seq(GSE60143)/Homer,HCYACCTACC,0.001,-7.691,0.0021,1916.0,0.1284,4095.0,0.1195
224,DDF1(AP2EREBP)/col-DDF1-DAP-Seq(GSE60143)/Homer,GCCGACAT,0.001,-7.654,0.0021,312.0,0.0209,591.5,0.0173
225,ZBTB18(Zf)/HEK293-ZBTB18.GFP-ChIP-Seq(GSE58341)/Homer,AACATCTGGA,0.001,-7.622,0.0022,524.0,0.0351,1040.1,0.0304
226,CRF10(AP2EREBP)/col100-CRF10-DAP-Seq(GSE60143)/Homer,DCCGCCGYHA,0.001,-7.62,0.0022,2208.0,0.1479,4747.0,0.1385
227,ERF3(AP2EREBP)/colamp-ERF3-DAP-Seq(GSE60143)/Homer,ATGGCGGCGG,0.001,-7.618,0.0022,1341.0,0.0899,2821.9,0.0823
228,AT4G26030(C2H2)/col-AT4G26030-DAP-Seq(GSE60143)/Homer,BYYACCWACY,0.001,-7.579,0.0023,1234.0,0.0827,2586.9,0.0755
229,PRDM14(Zf)/H1-PRDM14-ChIP-Seq(GSE22767)/Homer,RGGTCTCTAACY,0.001,-7.562,0.0023,324.0,0.0217,617.6,0.018
230,EBF1(EBF)/Near-E2A-ChIP-Seq(GSE21512)/Homer,GTCCCCWGGGGA,0.001,-7.496,0.0024,1386.0,0.0929,2923.6,0.0853
231,E2F1(E2F)/Hela-E2F1-ChIP-Seq(GSE22478)/Homer,CWGGCGGGAA,0.001,-7.336,0.0028,504.0,0.0338,1001.9,0.0292
232,AR-halfsite(NR)/LNCaP-AR-ChIP-Seq(GSE27824)/Homer,CCAGGAACAG,0.001,-7.33,0.0028,4314.0,0.2891,9501.0,0.2772
233,Zelda(Zf)/Embryo-zld-ChIP-Seq(GSE65441)/Homer,KBCTACCTGW,0.001,-7.297,0.0029,576.0,0.0386,1156.5,0.0337
234,CEBP:AP1(bZIP)/ThioMac-CEBPb-ChIP-Seq(GSE21512)/Homer,DRTGTTGCAA,0.001,-7.255,0.003,1186.0,0.0795,2487.7,0.0726
235,HIF-1b(HLH)/T47D-HIF1b-ChIP-Seq(GSE59937)/Homer,RTACGTGC,0.001,-7.232,0.0031,1223.0,0.0819,2569.6,0.075
236,Lhx2(Homeobox)/HFSC-Lhx2-ChIP-Seq(GSE48068)/Homer,TAATTAGN,0.001,-7.202,0.0032,2345.0,0.1571,5065.2,0.1478
237,SPL3(SBP)/colamp-SPL3-DAP-Seq(GSE60143)/Homer,WDTTGTACGGAH,0.001,-7.158,0.0033,27.0,0.0018,31.4,0.0009
238,TFE3(bHLH)/MEF-TFE3-ChIP-Seq(GSE75757)/Homer,GTCACGTGACYV,0.001,-7.113,0.0034,89.0,0.006,143.7,0.0042
239,FEA4(bZIP)/Corn-FEA4-ChIP-Seq(GSE61954)/Homer,TGACGTCACS,0.001,-7.093,0.0035,1291.0,0.0865,2722.3,0.0794
240,At1g22810(AP2EREBP)/colamp-At1g22810-DAP-Seq(GSE60143)/Homer,BCACCGACANNN,0.001,-7.069,0.0036,351.0,0.0235,679.4,0.0198
241,AT2G20110(CPP)/colamp-AT2G20110-DAP-Seq(GSE60143)/Homer,ATTYAAATHY,0.001,-7.01,0.0038,3657.0,0.245,8024.4,0.2341
242,WRKY17(WRKY)/colamp-WRKY17-DAP-Seq(GSE60143)/Homer,GCGTTGACTTTT,0.001,-7.003,0.0038,17.0,0.0011,16.8,0.0005
243,FOXK2(Forkhead)/U2OS-FOXK2-ChIP-Seq(E-MTAB-2204)/Homer,SCHTGTTTACAT,0.001,-6.977,0.0039,1027.0,0.0688,2143.5,0.0625
244,MYB13(MYB)/col-MYB13-DAP-Seq(GSE60143)/Homer,HYCACCWACCHH,0.001,-6.973,0.0039,842.0,0.0564,1738.9,0.0507
245,Tal1,CATCTG,0.001,-6.959,0.0039,1629.0,0.1092,3474.0,0.1014
246,WRKY33(WRKY)/col-WRKY33-DAP-Seq(GSE60143)/Homer,CGTTGACYAW,0.01,-6.866,0.0043,912.0,0.0611,1893.3,0.0552
247,AT5G47660(Trihelix)/colamp-AT5G47660-DAP-Seq(GSE60143)/Homer,AWTTTTACCG,0.01,-6.828,0.0044,2934.0,0.1966,6399.5,0.1867
248,Tcfcp2l1(CP2)/mES-Tcfcp2l1-ChIP-Seq(GSE11431)/Homer,NRAACCRGTTYRAACCRGYT,0.01,-6.8,0.0045,137.0,0.0092,239.0,0.007
249,ATY19(MYB)/col-ATY19-DAP-Seq(GSE60143)/Homer,YYCACCWACCAT,0.01,-6.75,0.0047,874.0,0.0586,1812.3,0.0529
250,MYB49(MYB)/col-MYB49-DAP-Seq(GSE60143)/Homer,ARKTAGGTRR,0.01,-6.677,0.0051,1575.0,0.1055,3361.3,0.0981
251,DREB2(AP2EREBP)/col-DREB2-DAP-Seq(GSE60143)/Homer,TMACCGACATWA,0.01,-6.635,0.0053,360.0,0.0241,703.8,0.0205
252,EWS:ERG-fusion(ETS)/CADO_ES1-EWS:ERG-ChIP-Seq(SRA014231)/Homer,ATTTCCTGTN,0.01,-6.616,0.0053,1115.0,0.0747,2344.0,0.0684
253,FOXK1(Forkhead)/HEK293-FOXK1-ChIP-Seq(GSE51673)/Homer,NVWTGTTTAC,0.01,-6.616,0.0053,1932.0,0.1295,4158.3,0.1213
254,ATHB33(ZFHD)/col-ATHB33-DAP-Seq(GSE60143)/Homer,NGTRATTAAK,0.01,-6.548,0.0057,2818.0,0.1888,6147.2,0.1794
255,LIN-39(Homeobox)/cElegans.L3-LIN39-ChIP-Seq(modEncode)/Homer,ATGATTRATG,0.01,-6.495,0.006,2819.0,0.1889,6151.7,0.1795
256,AtGRF6(GRF)/col-AtGRF6-DAP-Seq(GSE60143)/Homer,NTGTCAGADNNNNNN,0.01,-6.463,0.0061,1262.0,0.0846,2672.7,0.078
257,Pdx1(Homeobox)/Islet-Pdx1-ChIP-Seq(SRA008281)/Homer,YCATYAATCA,0.01,-6.447,0.0062,1800.0,0.1206,3868.8,0.1129
258,Tcf21(bHLH)/ArterySmoothMuscle-Tcf21-ChIP-Seq(GSE61369)/Homer,NAACAGCTGG,0.01,-6.446,0.0062,1107.0,0.0742,2330.6,0.068
259,AT1G12630(AP2EREBP)/colamp-AT1G12630-DAP-Seq(GSE60143)/Homer,TGTCGGCA,0.01,-6.399,0.0065,415.0,0.0278,823.3,0.024
260,AS2(LOBAS2)/col-AS2-DAP-Seq(GSE60143)/Homer,CCGDAAWWHMCGSCG,0.01,-6.398,0.0065,178.0,0.0119,325.6,0.0095
261,FoxL2(Forkhead)/Ovary-FoxL2-ChIP-Seq(GSE60858)/Homer,WWTRTAAACAVG,0.01,-6.39,0.0065,1888.0,0.1265,4066.5,0.1187
262,MYB99(MYB)/colamp-MYB99-DAP-Seq(GSE60143)/Homer,GGTAGGTG,0.01,-6.358,0.0067,1088.0,0.0729,2290.0,0.0668
263,Atf1(bZIP)/K562-ATF1-ChIP-Seq(GSE31477)/Homer,GATGACGTCA,0.01,-6.341,0.0067,937.0,0.0628,1958.2,0.0571
264,Zic3(Zf)/mES-Zic3-ChIP-Seq(GSE37889)/Homer,GGCCYCCTGCTGDGH,0.01,-6.293,0.007,922.0,0.0618,1926.0,0.0562
265,MyoG(bHLH)/C2C12-MyoG-ChIP-Seq(GSE36024)/Homer,AACAGCTG,0.01,-6.259,0.0073,1207.0,0.0809,2555.8,0.0746
266,ATHB53(HB)/col-ATHB53-DAP-Seq(GSE60143)/Homer,CAATAATT,0.01,-6.253,0.0073,1620.0,0.1085,3472.7,0.1013
267,At1g75490(AP2EREBP)/colamp-At1g75490-DAP-Seq(GSE60143)/Homer,CACCGMCT,0.01,-6.129,0.0082,2055.0,0.1377,4447.8,0.1298
268,MYB98(MYB)/col-MYB98-DAP-Seq(GSE60143)/Homer,NWDCCGTTAC,0.01,-6.117,0.0083,309.0,0.0207,602.0,0.0176
269,MYB92(MYB)/colamp-MYB92-DAP-Seq(GSE60143)/Homer,GGTAGGTR,0.01,-6.114,0.0083,1144.0,0.0767,2419.3,0.0706
270,RAP26(AP2EREBP)/colamp-RAP26-DAP-Seq(GSE60143)/Homer,HDATGGCGGCGG,0.01,-6.087,0.0085,1911.0,0.128,4126.9,0.1204
271,LMI1(HB)/colamp-LMI1-DAP-Seq(GSE60143)/Homer,AATTATTG,0.01,-6.04,0.0088,2181.0,0.1461,4732.9,0.1381
272,"Oct4:Sox17(POU,Homeobox,HMG)/F9-Sox17-ChIP-Seq(GSE44553)/Homer",CCATTGTATGCAAAT,0.01,-5.99,0.0093,269.0,0.018,518.2,0.0151
273,ESE3(AP2EREBP)/col-ESE3-DAP-Seq(GSE60143)/Homer,GACGGTGG,0.01,-5.976,0.0094,2148.0,0.1439,4660.5,0.136
274,GTL1(Trihelix)/colamp-GTL1-DAP-Seq(GSE60143)/Homer,WWTTTACCKY,0.01,-5.913,0.0099,2304.0,0.1544,5012.9,0.1463
275,ERF11(AP2EREBP)/col-ERF11-DAP-Seq(GSE60143)/Homer,RTGGCGGCGG,0.01,-5.891,0.0101,1547.0,0.1037,3319.8,0.0969
276,dof42(C2C2dof)/col-dof42-DAP-Seq(GSE60143)/Homer,AAAAAGGC,0.01,-5.882,0.0102,1033.0,0.0692,2179.9,0.0636
277,Rfx6(HTH)/Min6b1-Rfx6.HA-ChIP-Seq(GSE62844)/Homer,TGTTKCCTAGCAACM,0.01,-5.857,0.0104,1233.0,0.0826,2622.2,0.0765
278,At2g41835(C2H2)/col-At2g41835-DAP-Seq(GSE60143)/Homer,TTTGAAAA,0.01,-5.839,0.0105,1254.0,0.084,2669.3,0.0779
279,MYB81(MYB)/col-MYB81-DAP-Seq(GSE60143)/Homer,NWAACSGWTWNN,0.01,-5.809,0.0108,2420.0,0.1622,5276.8,0.154
280,HOXA9(Homeobox)/HSC-Hoxa9-ChIP-Seq(GSE33509)/Homer,GGCCATAAATCA,0.01,-5.8,0.0109,1245.0,0.0834,2650.6,0.0773
281,LBD19(LOBAS2)/colamp-LBD19-DAP-Seq(GSE60143)/Homer,CCKGAAWTTCMGGAW,0.01,-5.791,0.0109,2494.0,0.1671,5443.3,0.1588
282,At4g31060(AP2EREBP)/colamp-At4g31060-DAP-Seq(GSE60143)/Homer,CACCGACAAW,0.01,-5.774,0.0111,275.0,0.0184,533.7,0.0156
283,ZSCAN22(Zf)/HEK293-ZSCAN22.GFP-ChIP-Seq(GSE58341)/Homer,SMCAGTCWGAKGGAGGAGGC,0.01,-5.747,0.0113,114.0,0.0076,200.4,0.0058
284,Tbr1(T-box)/Cortex-Tbr1-ChIP-Seq(GSE71384)/Homer,AAGGTGTKAA,0.01,-5.739,0.0114,1956.0,0.1311,4237.0,0.1236
285,"VDR(NR),DR3/GM10855-VDR+vitD-ChIP-Seq(GSE22484)/Homer",ARAGGTCANWGAGTTCANNN,0.01,-5.729,0.0115,242.0,0.0162,464.4,0.0136
286,WRKY20(WRKY)/col-WRKY20-DAP-Seq(GSE60143)/Homer,CKTTGACYWD,0.01,-5.688,0.0119,900.0,0.0603,1890.5,0.0552
287,ATHB20(Homeobox)/colamp-ATHB20-DAP-Seq(GSE60143)/Homer,CAATHATT,0.01,-5.688,0.0119,1269.0,0.085,2706.6,0.079
288,MYB39(MYB)/col-MYB39-DAP-Seq(GSE60143)/Homer,WWAARKTAGGTGRAA,0.01,-5.688,0.0119,284.0,0.019,553.2,0.0161
289,GATA19(C2C2gata)/colamp-GATA19-DAP-Seq(GSE60143)/Homer,ATCSGATCVG,0.01,-5.675,0.0119,66.0,0.0044,106.2,0.0031
290,SPL13(SBP)/col-SPL13-DAP-Seq(GSE60143)/Homer,WAHTGTACGGAH,0.01,-5.674,0.0119,56.0,0.0038,87.3,0.0025
291,GAGA-repeat/SacCer-Promoters/Homer,CTYTCTYTCTCTCTC,0.01,-5.642,0.0123,6779.0,0.4542,15190.7,0.4433
292,SPL5(SBP)/colamp-SPL5-DAP-Seq(GSE60143)/Homer,NNHGTACGGHNN,0.01,-5.627,0.0124,319.0,0.0214,628.9,0.0184
293,EBNA1(EBV-virus)/Raji-EBNA1-ChIP-Seq(GSE30709)/Homer,GGYAGCAYDTGCTDCCCNNN,0.01,-5.564,0.0132,18.0,0.0012,20.2,0.0006
294,SpiB(ETS)/OCILY3-SPIB-ChIP-Seq(GSE56857)/Homer,AAAGRGGAAGTG,0.01,-5.553,0.0133,304.0,0.0204,597.3,0.0174
295,Ascl1(bHLH)/NeuralTubes-Ascl1-ChIP-Seq(GSE55840)/Homer,NNVVCAGCTGBN,0.01,-5.495,0.014,1900.0,0.1273,4119.7,0.1202
296,ANAC016(NAC)/col-ANAC016-DAP-Seq(GSE60143)/Homer,WNCTTGNNNNNCAMG,0.01,-5.467,0.0144,725.0,0.0486,1510.3,0.0441
297,TCFL2(HMG)/K562-TCF7L2-ChIP-Seq(GSE29196)/Homer,ACWTCAAAGG,0.01,-5.443,0.0147,107.0,0.0072,188.5,0.0055
298,ERF4(AP2EREBP)/colamp-ERF4-DAP-Seq(GSE60143)/Homer,WDWTGGCGGCGG,0.01,-5.435,0.0147,1716.0,0.115,3709.2,0.1082
299,Unknown4/Arabidopsis-Promoters/Homer,CKTCKTCTTY,0.01,-5.426,0.0148,1457.0,0.0976,3131.1,0.0914
300,PBX2(Homeobox)/K562-PBX2-ChIP-Seq(Encode)/Homer,RTGATTKATRGN,0.01,-5.313,0.0165,1586.0,0.1063,3422.2,0.0999
301,HLF(bZIP)/HSC-HLF.Flag-ChIP-Seq(GSE69817)/Homer,RTTATGYAAB,0.01,-5.25,0.0175,1676.0,0.1123,3626.0,0.1058
302,Prop1(Homeobox)/GHFT1-PROP1.biotin-ChIP-Seq(GSE77302)/Homer,NTAATBNAATTA,0.01,-5.243,0.0176,2020.0,0.1354,4396.3,0.1283
303,Meis1(Homeobox)/MastCells-Meis1-ChIP-Seq(GSE48085)/Homer,VGCTGWCAVB,0.01,-5.209,0.0181,1734.0,0.1162,3756.8,0.1096
304,REB1/SacCer-Promoters/Homer,KCCGGGTAAYRR,0.01,-5.177,0.0187,194.0,0.013,369.2,0.0108
305,Sox9(HMG)/Limb-SOX9-ChIP-Seq(GSE73225)/Homer,AGGVNCCTTTGT,0.01,-5.168,0.0188,1119.0,0.075,2386.3,0.0696
306,"Pitx1:Ebox(Homeobox,bHLH)/Hindlimb-Pitx1-ChIP-Seq(GSE41591)/Homer",YTAATTRAWWCCAGATGT,0.01,-5.162,0.0188,355.0,0.0238,711.6,0.0208
307,Tbx20(T-box)/Heart-Tbx20-ChIP-Seq(GSE29636)/Homer,GGTGYTGACAGS,0.01,-5.153,0.0189,222.0,0.0149,428.0,0.0125
308,ATHB13(Homeobox)/col-ATHB13-DAP-Seq(GSE60143)/Homer,CAATAATT,0.01,-5.129,0.0193,3218.0,0.2156,7101.9,0.2072
309,TRPS1(Zf)/MCF7-TRPS1-ChIP-Seq(GSE107013)/Homer,AGATAAGANN,0.01,-5.12,0.0195,3665.0,0.2456,8114.1,0.2368
310,bcd(Homeobox)/Embryo-Bcd-ChIP-Seq(GSE86966)/Homer,VNNGGATTADNN,0.01,-5.103,0.0197,1837.0,0.1231,3991.0,0.1165
311,FoxD3(forkhead)/ZebrafishEmbryo-Foxd3.biotin-ChIP-seq(GSE106676)/Homer,TGTTTAYTTAGC,0.01,-5.07,0.0203,1670.0,0.1119,3617.5,0.1056
312,TCF4(bHLH)/SHSY5Y-TCF4-ChIP-Seq(GSE96915)/Homer,SMCATCTGKH,0.01,-5.051,0.0206,1768.0,0.1185,3837.2,0.112
313,Stat3(Stat)/mES-Stat3-ChIP-Seq(GSE11431)/Homer,CTTCCGGGAA,0.01,-5.031,0.021,613.0,0.0411,1273.3,0.0372
314,p53(p53)/Saos-p53-ChIP-Seq(GSE15780)/Homer,RRCATGYCYRGRCATGYYYN,0.01,-4.98,0.0219,87.0,0.0058,151.3,0.0044
315,p53(p53)/Saos-p53-ChIP-Seq/Homer,RRCATGYCYRGRCATGYYYN,0.01,-4.98,0.0219,87.0,0.0058,151.3,0.0044
316,BHLHA15(bHLH)/NIH3T3-BHLHB8.HA-ChIP-Seq(GSE119782)/Homer,NAMCAGCTGK,0.01,-4.979,0.0219,1650.0,0.1106,3575.6,0.1043
317,GATA4(C2C2gata)/col-GATA4-DAP-Seq(GSE60143)/Homer,DDWTYAGATCTR,0.01,-4.969,0.0221,944.0,0.0633,2003.1,0.0584
318,EBF(EBF)/proBcell-EBF-ChIP-Seq(GSE21978)/Homer,DGTCCCYRGGGA,0.01,-4.956,0.0223,255.0,0.0171,501.0,0.0146
319,"RXR(NR),DR1/3T3L1-RXR-ChIP-Seq(GSE13511)/Homer",TAGGGCAAAGGTCA,0.01,-4.948,0.0224,1286.0,0.0862,2763.7,0.0806
320,ELF5(ETS)/T47D-ELF5-ChIP-Seq(GSE30407)/Homer,ACVAGGAAGT,0.01,-4.937,0.0226,1070.0,0.0717,2283.9,0.0666
321,AT3G60490(AP2EREBP)/colamp-AT3G60490-DAP-Seq(GSE60143)/Homer,NNRCCGACANNNNNN,0.01,-4.92,0.0229,208.0,0.0139,401.9,0.0117
322,"NFAT:AP1(RHD,bZIP)/Jurkat-NFATC1-ChIP-Seq(Jolma_et_al.)/Homer",SARTGGAAAAWRTGAGTCAB,0.01,-4.916,0.0229,243.0,0.0163,475.1,0.0139
323,ABF1/SacCer-Promoters/Homer,CGTRNAAARTGA,0.01,-4.91,0.023,207.0,0.0139,399.7,0.0117
324,NLP7(RWPRK)/col-NLP7-DAP-Seq(GSE60143)/Homer,TGRCCYTTCR,0.01,-4.91,0.023,2380.0,0.1595,5217.4,0.1522
325,OBP3(C2C2dof)/col-OBP3-DAP-Seq(GSE60143)/Homer,NYWACTTTTT,0.01,-4.877,0.0236,5969.0,0.4,13374.0,0.3902
326,ATHB25(ZFHD)/colamp-ATHB25-DAP-Seq(GSE60143)/Homer,TAATTAVB,0.01,-4.832,0.0246,2643.0,0.1771,5813.5,0.1696
327,HAT2(Homeobox)/colamp-HAT2-DAP-Seq(GSE60143)/Homer,CYAATSATTR,0.01,-4.824,0.0247,1829.0,0.1226,3981.3,0.1162
328,WRKY75(WRKY)/col-WRKY75-DAP-Seq(GSE60143)/Homer,CGTTGACTWW,0.01,-4.822,0.0247,1156.0,0.0775,2477.6,0.0723
329,Unknown6/Drosophila-Promoters/Homer,AATTTTAAAA,0.01,-4.773,0.0259,2858.0,0.1915,6301.4,0.1839
330,Barx1(Homeobox)/Stomach-Barx1.3xFlag-ChIP-Seq(GSE69483)/Homer,AAACMATTAN,0.01,-4.695,0.0279,1083.0,0.0726,2318.1,0.0676
331,"GATA(Zf),IR4/iTreg-Gata3-ChIP-Seq(GSE20898)/Homer",NAGATWNBNATCTNN,0.01,-4.687,0.028,121.0,0.0081,222.5,0.0065
332,AT3G25990(Trihelix)/colamp-AT3G25990-DAP-Seq(GSE60143)/Homer,TTAACCATAG,0.01,-4.644,0.0291,1032.0,0.0692,2206.6,0.0644
333,ZEB1(Zf)/PDAC-ZEB1-ChIP-Seq(GSE64557)/Homer,VCAGGTRDRY,0.01,-4.633,0.0294,2336.0,0.1565,5128.2,0.1496
334,TATA-Box(TBP)/Promoter/Homer,CCTTTTAWAGSC,0.01,-4.633,0.0294,2146.0,0.1438,4700.7,0.1372
335,WRKY25(WRKY)/colamp-WRKY25-DAP-Seq(GSE60143)/Homer,NNNNHRGTCAAMNNN,0.01,-4.621,0.0296,1393.0,0.0933,3011.6,0.0879
336,AT2G28810(C2C2dof)/colamp-AT2G28810-DAP-Seq(GSE60143)/Homer,VAAAAAGTWA,0.01,-4.608,0.0299,4567.0,0.306,10187.3,0.2973
